municipio;homens;mulheres;branca;preta;amarela;parda;indigena;ignorado;urbana;rural;comorbidades
Aceguá;2303;2091;3533;338;33;489;1;;1059;3335;496
Água Santa;1879;1843;3085;48;6;344;239;;1447;2275;371
Agudo;8349;8373;14593;517;75;1534;3;;6889;9833;1670
Ajuricaba;3585;3670;6229;120;10;868;28;;4108;3147;679
Alecrim;3512;3533;5849;104;20;1071;1;;2165;4880;532
Alegrete;38051;39602;55865;5361;273;15919;234;1;69594;8059;7127
Alegria;2149;2152;3557;65;13;666;;;1585;2716;308
Almirante Tamandaré do Sul;1041;1026;1920;47;2;97;1;;839;1228;186
Alpestre;4129;3898;6872;289;4;861;1;;2211;5816;586
Alto Alegre;944;904;1617;12;8;210;1;;743;1105;155
Alto Feliz;1500;1417;2802;34;4;69;8;;816;2101;324
Alvorada;95080;100593;143812;24982;508;26003;368;;195673;;21465
Amaral Ferrador;3281;3072;5072;857;52;372;;;1866;4487;694
Ametista do Sul;3732;3591;5122;115;13;2064;9;;3811;3512;754
André da Rocha;620;596;987;54;11;154;10;;496;720;127
Anta Gorda;3025;3048;5828;56;3;186;;;2331;3742;574
Antônio Prado;6405;6428;11005;304;20;1504;;;9235;3598;1325
Arambaré;1854;1839;3086;449;2;155;1;;2913;780;340
Araricá;2456;2408;4219;118;10;515;2;;3996;868;609
Aratiba;3340;3225;6032;144;12;375;2;;3316;3249;611
Arroio do Meio;9353;9430;17356;307;23;1092;5;;14663;4120;2189
Arroio do Sal;3833;3907;7016;195;5;519;5;;7509;231;976
Arroio do Padre;1414;1316;2511;115;21;83;;;454;2276;284
Arroio dos Ratos;6635;6971;11598;833;51;1108;16;;12956;650;1406
Arroio do Tigre;6384;6264;10847;448;116;1237;;;5962;6686;1369
Arroio Grande;9174;9296;15805;1197;40;1416;12;;16085;2385;1781
Arvorezinha;5134;5091;8745;283;24;1173;;;6273;3952;1033
Augusto Pestana;3487;3609;6459;210;9;414;4;;3657;3439;624
Áurea;1807;1858;3400;47;12;206;;;1537;2128;345
Bagé;55804;60990;88316;10926;223;17257;72;;97765;19029;12069
Balneário Pinhal;5344;5512;9060;513;48;1218;17;;10743;113;1285
Barão;2912;2829;5391;50;2;284;14;;2970;2771;656
Barão de Cotegipe;3296;3233;5824;96;60;544;5;;3966;2563;669
Barão do Triunfo;3741;3277;6244;224;47;501;2;;697;6321;770
Barracão;2691;2666;4287;219;51;797;3;;3037;2320;523
Barra do Guarita;1550;1539;2602;136;8;342;1;;1371;1718;321
Barra do Quaraí;2128;1884;2613;305;15;1079;;;2840;1172;413
Barra do Ribeiro;6253;6319;10670;812;12;876;202;;9291;3281;1321
Barra do Rio Azul;1049;954;1886;39;3;75;;;403;1600;156
Barra Funda;1177;1190;2050;122;8;187;;;1522;845;259
Barros Cassal;5729;5404;8158;149;38;2784;4;;3531;7602;1082
Benjamin Constant do Sul;1195;1112;1158;43;56;47;1003;;341;1966;196
Bento Gonçalves;52645;54633;93781;2205;234;10962;96;;99069;8209;12846
Boa Vista das Missões;1056;1058;1631;25;8;450;;;886;1228;212
Boa Vista do Buricá;3295;3279;5935;321;;318;;;4366;2208;687
Boa Vista do Cadeado;1257;1184;2223;39;13;166;;;472;1969;246
Boa Vista do Incra;1243;1182;2206;26;;192;1;;724;1701;264
Boa Vista do Sul;1469;1307;2745;6;;25;;;391;2385;273
Bom Jesus;5703;5816;7685;571;154;3108;1;;8593;2926;1073
Bom Princípio;6029;5760;11177;113;19;479;1;;9198;2591;1549
Bom Progresso;1167;1161;1931;41;;355;1;;1146;1182;187
Bom Retiro do Sul;5655;5817;10373;593;18;481;7;;9162;2310;1266
Boqueirão do Leão;3937;3736;5877;129;17;1649;1;;1672;6001;783
Bossoroca;3509;3375;5179;628;259;818;;;3682;3202;590
Bozano;1100;1100;1963;92;1;136;8;;629;1571;185
Braga;1866;1836;2684;125;24;869;;;2282;1420;316
Brochier;2398;2277;4516;74;3;82;;;2296;2379;492
Butiá;10032;10374;16410;1642;80;2260;14;;19330;1076;2074
Caçapava do Sul;16329;17361;27266;3853;97;2411;63;;25410;8280;3227
Cacequi;6836;6840;10716;716;41;2174;29;;11952;1724;1216
Cachoeira do Sul;40378;43449;70547;6577;219;6411;73;;71700;12127;7859
Cachoeirinha;57173;61105;102004;6876;241;8948;209;;118278;;13657
Cacique Doble;2417;2451;3429;152;18;339;929;1;1628;3240;485
Caibaté;2532;2422;3883;16;17;1037;1;;2745;2209;468
Caiçara;2585;2486;4154;113;13;791;;;1594;3477;452
Camaquã;30900;31864;54827;4443;152;3217;125;;49356;13408;6808
Camargo;1291;1301;2301;33;16;242;;;1095;1497;273
Cambará do Sul;3350;3192;5274;345;46;877;;;3041;3501;638
Campestre da Serra;1674;1573;2710;54;10;470;3;;1231;2016;341
Campina das Missões;3056;3061;5767;89;16;245;;;2188;3929;513
Campinas do Sul;2650;2856;4693;91;26;694;2;;4217;1289;518
Campo Bom;29471;30603;53705;1387;112;4817;53;;57338;2736;7170
Campo Novo;2685;2774;4593;240;27;592;7;;4109;1350;431
Campos Borges;1754;1740;3031;69;26;366;2;;2006;1488;314
Candelária;14752;15419;25799;1246;65;3060;1;;15715;14456;3131
Cândido Godói;3318;3217;6381;15;2;137;;;1846;4689;598
Candiota;4481;4290;6662;675;29;1392;13;;2598;6173;983
Canela;19120;20109;32129;1503;356;5194;47;;35831;3398;4687
Canguçu;26856;26403;48260;2836;235;1895;33;;19694;33565;5564
Canoas;155936;167891;276306;19575;700;26809;437;;323827;;35245
Canudos do Vale;959;848;1739;19;;47;2;;411;1396;173
Capão Bonito do Sul;943;811;1590;30;1;131;2;;499;1255;164
Capão da Canoa;20616;21424;36571;2196;121;3094;58;;41787;253;5437
Capão do Cipó;1628;1476;2422;120;11;549;2;;519;2585;388
Capão do Leão;11962;12336;20131;2033;112;1960;62;;22382;1916;2487
Capivari do Sul;1935;1955;3032;403;5;427;23;;3230;660;482
Capela de Santana;5848;5764;9964;315;57;1263;13;;6915;4697;1220
Capitão;1353;1283;2473;39;10;114;;;1147;1489;261
Carazinho;28280;31037;51330;1845;137;5894;111;;58253;1064;6227
Caraá;3798;3514;7012;70;;163;67;;1058;6254;792
Carlos Barbosa;12662;12530;23763;276;57;1088;5;3;19992;5200;3232
Carlos Gomes;834;773;1572;16;;16;3;;378;1229;141
Casca;4243;4408;7988;124;16;517;6;;5090;3561;907
Caseiros;1517;1490;2582;33;2;389;1;;1488;1519;318
Catuípe;4590;4733;7924;236;43;1119;1;;5998;3325;820
Caxias do Sul;213612;221952;360633;14424;1801;58203;499;4;419406;16158;54147
Centenário;1541;1424;2874;17;9;65;;;949;2016;276
Cerrito;3213;3189;5555;431;16;385;15;;3747;2655;578
Cerro Branco;2225;2229;3787;179;24;461;3;;1274;3180;463
Cerro Grande;1209;1208;1796;117;18;484;2;;830;1587;221
Cerro Grande do Sul;5355;4913;8510;409;40;1308;1;;2484;7784;1255
Cerro Largo;6617;6672;10909;246;36;2095;3;;10571;2718;1425
Chapada;4593;4784;8296;86;46;949;;;5573;3804;928
Charqueadas;19533;15787;30277;1999;49;2964;31;;34490;830;4378
Charrua;1728;1743;1885;11;3;48;1524;;584;2887;312
Chiapetta;1975;2069;3200;152;7;685;;;2470;1574;358
Chuí;2921;2996;5265;170;8;466;8;;5697;220;647
Chuvisca;2603;2341;4591;219;24;108;2;;273;4671;559
Cidreira;6245;6423;10557;769;20;1233;89;;12260;408;1515
Ciríaco;2512;2410;3864;105;52;899;2;;2494;2428;462
Colinas;1208;1212;2361;13;4;38;4;;1105;1315;224
Colorado;1727;1823;2942;278;14;316;;;1844;1706;298
Condor;3219;3333;5073;221;20;1234;4;;4034;2518;646
Constantina;4776;4976;7859;226;13;1176;478;;6510;3242;970
Coqueiro Baixo;791;737;1406;59;;63;;;282;1246;136
Coqueiros do Sul;1255;1202;2218;80;11;148;;;904;1553;217
Coronel Barros;1219;1240;2133;48;10;267;1;;1093;1366;235
Coronel Bicaco;3802;3946;5595;245;19;1882;7;;5068;2680;711
Coronel Pilar;894;831;1679;11;;35;;;174;1551;144
Cotiporã;2033;1884;3710;45;;162;;;2048;1869;376
Coxilha;1388;1438;2371;109;16;320;10;;1739;1087;281
Crissiumal;6913;7171;12657;108;8;1311;;;6124;7960;1269
Cristal;3686;3594;6052;702;4;521;1;;4077;3203;796
Cristal do Sul;1441;1385;2118;56;1;651;;;931;1895;270
Cruz Alta;29743;33078;53733;2204;205;6594;85;;60594;2227;5882
Cruzaltense;1101;1040;1942;93;9;97;;;489;1652;182
Cruzeiro do Sul;6157;6163;10886;382;75;976;1;;7476;4844;1252
David Canabarro;2410;2273;4164;114;2;403;;;1912;2771;475
Derrubadas;1604;1586;2540;79;28;543;;;901;2289;267
Dezesseis de Novembro;1469;1397;2347;35;17;467;;;667;2199;224
Dilermando de Aguiar;1579;1485;2307;115;39;603;;;991;2073;283
Dois Irmãos;13653;13919;25248;414;126;1727;57;;27276;296;3660
Dois Irmãos das Missões;1080;1077;1471;241;27;417;1;;1094;1063;197
Dois Lajeados;1653;1625;3099;69;7;103;;;1564;1714;337
Dom Feliciano;7398;6982;11901;1282;109;1087;1;;3334;11046;1568
Dom Pedro de Alcântara;1341;1209;2488;29;7;26;;;741;1809;254
Dom Pedrito;19107;19791;30562;3210;106;4992;28;;35255;3643;3760
Dona Francisca;1678;1723;2688;176;5;532;;;2146;1255;287
Doutor Maurício Cardoso;2646;2667;4448;43;20;802;;;2619;2694;421
Doutor Ricardo;1035;995;1866;54;3;107;;;693;1337;195
Eldorado do Sul;16999;17344;27947;2198;107;3973;118;;30800;3543;4265
Encantado;9932;10578;18375;574;21;1516;24;;17879;2631;2305
Encruzilhada do Sul;12322;12212;19151;2164;247;2916;56;;17119;7415;2536
Engenho Velho;742;785;942;24;4;37;520;;599;928;94
Entre-Ijuís;4415;4523;8002;121;15;800;;;4893;4045;790
Entre Rios do Sul;1556;1524;2341;102;22;613;2;;2130;950;251
Erebango;1490;1480;2112;67;3;519;269;;1958;1012;297
Erechim;46224;49863;81729;2165;248;11827;118;;90552;5535;11085
Ernestina;1562;1526;2833;13;15;227;;;1671;1417;314
Herval;3483;3270;5228;488;44;990;3;;4519;2234;621
Erval Grande;2622;2541;4251;201;25;685;1;;2690;2473;464
Erval Seco;3920;3958;5727;148;69;1725;209;;3437;4441;647
Esmeralda;1572;1596;2297;101;35;733;2;;2128;1040;322
Esperança do Sul;1650;1622;2844;36;13;379;;;844;2428;268
Espumoso;7532;7708;13241;325;99;1567;8;;11131;4109;1520
Estação;2951;3060;5228;241;6;536;;;5119;892;598
Estância Velha;21035;21539;38466;1092;103;2889;24;;41484;1090;5434
Esteio;38973;41782;69121;4813;203;6545;70;3;80643;112;8319
Estrela;15119;15500;27339;962;37;2139;142;;25913;4706;3527
Estrela Velha;1846;1782;3347;72;52;121;36;;1167;2461;376
Eugênio de Castro;1415;1383;2085;75;74;564;;;1480;1318;219
Fagundes Varela;1300;1279;2458;32;7;78;4;;1293;1286;264
Farroupilha;31303;32332;55460;1729;343;5962;141;;55053;8582;7841
Faxinal do Soturno;3274;3398;5354;405;4;909;;;4175;2497;653
Faxinalzinho;1283;1284;1962;122;14;287;182;;1273;1294;227
Fazenda Vilanova;1856;1841;3359;206;3;122;7;;2013;1684;447
Feliz;6161;6198;11878;123;21;332;5;;9416;2943;1463
Flores da Cunha;13552;13574;24154;425;89;2437;21;;20855;6271;3244
Floriano Peixoto;1081;937;1969;9;2;38;;;292;1726;170
Fontoura Xavier;5461;5258;7646;158;86;2827;2;;4100;6619;1020
Formigueiro;3570;3444;5508;992;29;485;;;2769;4245;605
Forquetinha;1265;1214;2418;5;1;55;;;468;2011;227
Fortaleza dos Valos;2241;2334;4008;65;3;499;;;2993;1582;439
Frederico Westphalen;14128;14715;24319;489;64;3962;9;;23333;5510;3199
Garibaldi;15221;15468;28398;403;76;1789;23;;27211;3478;3752
Garruchos;1682;1552;2425;66;4;735;4;;1057;2177;286
Gaurama;2832;3030;5385;77;6;390;4;;3388;2474;533
General Câmara;4233;4214;7641;366;27;409;4;;4966;3481;787
Gentil;889;788;1416;71;22;70;98;;723;954;163
Getúlio Vargas;7849;8305;13713;378;50;1950;63;;13862;2292;1631
Giruá;8338;8737;13841;455;176;2587;16;;12907;4168;1519
Glorinha;3536;3355;6036;387;18;446;4;;2067;4824;829
Gramado;15673;16600;28903;678;42;2641;9;;29013;3260;3800
Gramado dos Loureiros;1151;1118;1508;162;24;272;303;;526;1743;198
Gramado Xavier;2044;1926;2846;84;76;964;;;529;3441;433
Gravataí;124880;130780;216454;17805;558;20560;283;;243497;12163;28807
Guabiju;806;792;1426;37;5;120;10;;738;860;136
Guaíba;46153;49051;78836;7585;254;8390;139;;93064;2140;9965
Guaporé;11124;11690;19480;496;59;2769;10;;20820;1994;2709
Guarani das Missões;3951;4164;7009;130;14;958;4;;5030;3085;720
Harmonia;2151;2103;4055;70;7;119;3;;2456;1798;513
Herveiras;1543;1411;2380;49;1;524;;;384;2570;303
Horizontina;8946;9402;16054;213;51;2025;5;;14569;3779;1946
Hulha Negra;3124;2919;4375;342;25;1292;9;;2909;3134;667
Humaitá;2387;2532;4129;130;43;614;3;;2911;2008;452
Ibarama;2230;2141;4089;49;9;224;;;1053;3318;425
Ibiaçá;2290;2420;4057;71;32;537;13;;2849;1861;457
Ibiraiaras;3588;3583;6041;145;15;590;380;;3817;3354;707
Ibirapuitã;2063;1998;3371;74;43;573;;;2391;1670;393
Ibirubá;9472;9838;16636;227;70;2369;8;;15342;3968;2023
Igrejinha;15461;16199;27686;755;109;3103;7;;30190;1470;3957
Ijuí;38112;40803;65519;1696;252;11399;49;;71550;7365;8421
Ilópolis;2055;2047;3417;145;5;533;2;;2207;1895;393
Imbé;8663;9007;15994;542;23;1089;22;;17661;9;2162
Imigrante;1495;1528;2938;24;4;57;;;1499;1524;291
Independência;3293;3325;5480;168;57;911;2;;4157;2461;565
Inhacorá;1148;1119;1561;105;23;577;1;;1346;921;225
Ipê;3083;2933;5120;160;16;716;4;;2913;3103;662
Ipiranga do Sul;972;972;1701;40;;203;;;679;1265;188
Iraí;4075;4003;5988;164;30;1323;573;;4457;3621;666
Itaara;2543;2467;4381;120;17;485;7;;3968;1042;554
Itacurubi;1778;1663;2716;127;32;563;3;;1184;2257;329
Itapuca;1233;1111;2029;232;2;81;;;558;1786;209
Itaqui;19034;19125;27728;1405;107;8900;19;;33311;4848;3708
Itati;1340;1244;2359;90;30;90;15;;212;2372;241
Itatiba do Sul;2178;1993;3505;188;32;441;5;;1729;2442;302
Ivorá;1097;1059;1857;30;1;266;2;;705;1451;169
Ivoti;9801;10073;18339;257;146;1119;13;;18062;1812;2661
Jaboticaba;2081;2017;3019;89;38;948;4;;1487;2611;358
Jacuizinho;1283;1224;2021;70;67;349;;;562;1945;274
Jacutinga;1781;1852;3078;98;28;425;4;;2573;1060;336
Jaguarão;13588;14343;24759;1542;25;1576;29;;26105;1826;2547
Jaguari;5738;5735;10203;218;30;1019;3;;6531;4942;1064
Jaquirana;2142;2035;3014;196;61;906;;;2430;1747;338
Jari;1884;1691;3209;117;12;237;;;613;2962;352
Jóia;4306;4025;6297;292;56;1680;6;;2089;6242;838
Júlio de Castilhos;9626;9953;15839;1062;68;2608;2;;16106;3473;1848
Lagoa Bonita do Sul;1403;1259;2171;40;56;393;2;;384;2278;290
Lagoão;3195;2990;4893;195;96;1000;1;;1655;4530;652
Lagoa dos Três Cantos;776;822;1534;10;15;39;;;807;791;153
Lagoa Vermelha;13564;13961;22387;574;138;4414;12;;24136;3389;2747
Lajeado;34731;36714;64006;1849;78;5452;60;;71180;265;8976
Lajeado do Bugre;1253;1234;1695;29;10;719;34;;706;1781;240
Lavras do Sul;3775;3904;5895;747;16;1016;5;;4758;2921;723
Liberato Salzano;2949;2831;4115;203;4;1033;425;;1297;4483;502
Lindolfo Collor;2679;2548;4621;114;8;483;1;;4287;940;646
Linha Nova;808;816;1567;13;;44;;;416;1208;170
Machadinho;2757;2753;4305;220;59;913;13;;3385;2125;507
Maçambará;2418;2320;3756;227;20;735;;;1310;3428;469
Mampituba;1551;1452;2559;31;5;406;2;;568;2435;302
Manoel Viana;3556;3516;5801;349;34;873;15;;5362;1710;711
Maquiné;3523;3382;6051;319;11;499;25;;2064;4841;662
Maratá;1272;1255;2449;16;4;58;;;753;1774;282
Marau;18030;18334;31835;776;160;3583;10;;31558;4806;4747
Marcelino Ramos;2555;2579;4357;101;18;653;5;;2722;2412;410
Mariana Pimentel;1970;1798;3434;110;9;213;2;;638;3130;368
Mariano Moro;1133;1077;2052;7;2;149;;;1153;1057;199
Marques de Souza;2039;2029;3863;10;;193;2;;1545;2523;375
Mata;2575;2536;4223;128;45;715;;;2618;2493;467
Mato Castelhano;1292;1178;1986;24;18;302;140;;521;1949;252
Mato Leitão;1937;1928;3667;57;1;140;;;1621;2244;479
Mato Queimado;902;897;1472;20;;307;;;479;1320;146
Maximiliano de Almeida;2467;2444;3828;187;12;884;;;2974;1937;409
Minas do Leão;3778;3853;6308;429;3;890;1;;7340;291;798
Miraguaí;2413;2442;3929;133;13;693;87;;2069;2786;471
Montauri;794;748;1529;3;1;9;;;644;898;133
Monte Alegre dos Campos;1661;1441;2084;182;74;762;;;645;2457;316
Monte Belo do Sul;1345;1325;2615;10;3;42;;;770;1900;239
Montenegro;29245;30170;52301;2892;100;4082;40;;53629;5786;6714
Mormaço;1396;1353;2380;28;10;331;;;600;2149;304
Morrinhos do Sul;1617;1565;3134;8;;40;;;1300;1882;313
Morro Redondo;3135;3092;5687;334;74;131;1;;2648;3579;634
Morro Reuter;2849;2827;5402;34;6;233;1;;4841;835;697
Mostardas;6187;5937;9268;1328;57;1455;16;;8143;3981;1251
Muçum;2300;2491;4352;67;6;365;1;;4044;747;462
Muitos Capões;1535;1453;2410;178;29;371;;;970;2018;315
Muliterno;923;890;1470;17;5;115;206;;508;1305;190
Não-Me-Toque;7855;8081;13510;321;21;2084;;;13966;1970;1822
Nicolau Vergueiro;862;859;1561;10;5;145;;;636;1085;157
Nonoai;5932;6142;8547;355;51;2198;923;;9065;3009;1131
Nova Alvorada;1598;1584;2754;49;11;368;;;1332;1850;361
Nova Araçá;1957;2044;3729;47;;212;13;;2880;1121;517
Nova Bassano;4480;4360;8229;78;6;521;6;;5514;3326;1002
Nova Boa Vista;981;979;1910;11;;39;;;578;1382;168
Nova Bréscia;1629;1555;3039;48;1;96;;;1511;1673;327
Nova Candelária;1405;1346;2671;1;;79;;;709;2042;272
Nova Esperança do Sul;2306;2365;3958;66;18;628;1;;3599;1072;557
Nova Hartz;9072;9274;15472;402;52;2399;21;;15269;3077;2282
Nova Pádua;1258;1192;2363;9;;76;2;;732;1718;231
Nova Palma;3217;3125;5332;191;10;808;1;;3083;3259;646
Nova Petrópolis;9370;9675;17826;193;82;931;13;;14134;4911;2189
Nova Prata;11303;11527;19471;652;29;2656;22;;18659;4171;2897
Nova Ramada;1246;1191;2126;42;12;257;;;670;1767;221
Nova Roma do Sul;1708;1635;3203;24;4;111;1;;1585;1758;378
Nova Santa Rita;11441;11275;20069;753;65;1824;5;;19475;3241;3037
Novo Cabrais;1946;1909;3377;247;;231;;;545;3310;413
Novo Hamburgo;115766;123174;216058;7935;544;14234;169;;234798;4142;25709
Novo Machado;1948;1977;3554;44;5;321;1;;1553;2372;306
Novo Tiradentes;1191;1086;1782;77;1;417;;;654;1623;217
Novo Xingu;861;896;1598;13;9;131;6;;554;1203;172
Novo Barreiro;2032;1946;2976;99;33;869;1;;1306;2672;412
Osório;20157;20749;35641;2035;66;3075;89;;37917;2989;4729
Paim Filho;2111;2132;3560;189;9;485;;;2253;1990;356
Palmares do Sul;5462;5507;9023;878;28;994;46;;9803;1166;1081
Palmeira das Missões;16641;17687;26128;1425;241;6501;33;;29831;4497;3320
Palmitinho;3494;3426;5760;167;30;957;6;;3393;3527;711
Panambi;19013;19045;32540;703;159;4638;18;;34562;3496;4568
Pantano Grande;4909;4986;8007;948;27;913;;;8314;1581;864
Paraí;3451;3361;6190;66;8;547;1;;3816;2996;793
Paraíso do Sul;3694;3642;6481;299;12;544;;;2852;4484;755
Pareci Novo;1784;1727;3387;29;2;92;1;;981;2530;412
Parobé;25449;26053;44674;1465;277;5023;63;;48633;2869;6193
Passa Sete;2678;2476;4413;123;84;532;2;;555;4599;602
Passo do Sobrado;2996;3015;5518;323;6;164;;;1429;4582;661
Passo Fundo;88050;96776;153732;4607;563;25733;190;1;180120;4706;20834
Paulo Bento;1126;1070;2068;21;10;97;;;594;1602;218
Paverama;4050;3994;7566;213;6;255;4;;4098;3946;828
Pedras Altas;1161;1051;1438;259;14;500;1;;768;1444;203
Pedro Osório;3826;3985;6285;729;8;772;17;;7301;510;731
Pejuçara;2008;1965;3410;56;6;501;;;2672;1301;384
Pelotas;154198;174077;263443;35049;1052;28245;483;3;306193;22082;34165
Picada Café;2594;2588;4787;44;14;334;3;;4559;623;610
Pinhal;1274;1239;1899;36;17;561;;;1290;1223;261
Pinhal da Serra;1110;1020;1584;25;21;500;;;478;1652;194
Pinhal Grande;2314;2157;3898;119;10;438;6;;1895;2576;435
Pinheirinho do Vale;2277;2220;3687;69;10;731;;;915;3582;502
Pinheiro Machado;6381;6399;9487;1738;26;1523;6;;9784;2996;1182
Pirapó;1398;1359;1863;44;10;840;;;777;1980;213
Piratini;10108;9733;15761;1810;213;1970;87;;11570;8271;1967
Planalto;5209;5315;8190;333;43;942;1016;;5932;4592;983
Poço das Antas;1023;994;1953;5;1;53;5;;861;1156;198
Pontão;1984;1873;3260;102;5;490;;;1559;2298;387
Ponte Preta;924;826;1653;16;2;79;;;512;1238;143
Portão;15515;15405;27132;1029;139;2591;29;;25276;5644;3921
Porto Alegre;653787;755564;1116659;143890;4062;141411;3308;21;1409351;;148547
Porto Lucena;2698;2715;4608;76;11;718;;;2331;3082;430
Porto Mauá;1264;1278;2196;15;53;278;;;954;1588;216
Porto Vera Cruz;936;916;1609;116;14;112;1;;440;1412;121
Porto Xavier;5300;5258;7114;141;37;3265;1;;5210;5348;1019
Pouso Novo;953;922;1628;31;1;215;;;632;1243;153
Presidente Lucena;1310;1174;2350;21;18;95;;;1511;973;316
Progresso;3183;2980;5673;69;2;418;1;;1873;4290;646
Protásio Alves;1079;921;1876;74;2;45;3;;427;1573;191
Putinga;2097;2044;3762;62;4;313;;;1577;2564;374
Quaraí;11228;11793;19114;721;45;3129;12;;21310;1711;2119
Quatro Irmãos;890;885;1361;36;2;376;;;916;859;188
Quevedos;1447;1263;2321;25;1;363;;;852;1858;289
Quinze de Novembro;1799;1854;3377;37;4;235;;;1961;1692;345
Redentora;5210;5012;4952;146;63;1028;4033;;3002;7220;1045
Relvado;1071;1084;2052;16;12;75;;;734;1421;182
Restinga Seca;7815;8034;12776;1590;28;1442;13;;8982;6867;1537
Rio dos Índios;1860;1756;2720;114;31;597;154;;755;2861;249
Rio Grande;94983;102245;157870;16834;601;21406;486;31;189429;7799;21033
Rio Pardo;18318;19273;31776;2637;80;3079;19;;25614;11977;3759
Riozinho;2203;2127;3937;46;23;312;12;;2748;1582;477
Roca Sales;5090;5194;9185;293;25;777;4;;6600;3684;1101
Rodeio Bonito;2846;2897;4924;57;7;731;24;;4310;1433;589
Rolador;1318;1228;2128;37;12;367;2;;608;1938;220
Rolante;9767;9718;17791;259;53;1368;14;;15310;4175;2217
Ronda Alta;5009;5212;7621;244;20;1308;1028;;6867;3354;1041
Rondinha;2718;2800;5089;103;4;322;;;2317;3201;472
Roque Gonzales;3622;3581;5146;191;47;1819;;;3087;4116;667
Rosário do Sul;19311;20396;31736;2554;137;5262;18;;34931;4776;3795
Sagrada Família;1339;1256;1905;70;17;602;1;;785;1810;251
Saldanha Marinho;1390;1479;2436;58;6;367;2;;1927;942;258
Salto do Jacuí;5878;6002;9304;387;131;1667;391;;10208;1672;1258
Salvador das Missões;1377;1292;2544;15;5;105;;;1094;1575;283
Salvador do Sul;3412;3335;6324;95;4;323;1;;4009;2738;834
Sananduva;7604;7769;13645;149;20;1546;13;;10697;4676;1604
Santa Bárbara do Sul;4341;4488;7351;240;37;1201;;;6985;1844;812
Santa Cecília do Sul;839;816;1365;56;17;215;2;;480;1175;159
Santa Clara do Sul;2845;2852;5498;43;19;137;;;2855;2842;673
Santa Cruz do Sul;56943;61431;102228;6487;333;9284;42;;105190;13184;13622
Santa Maria;123634;137397;218413;13521;718;28046;326;7;248347;12684;28594
Santa Maria do Herval;3101;2952;5900;22;7;123;1;;4362;1691;682
Santa Margarida do Sul;1272;1080;1970;103;21;258;;;552;1800;258
Santana da Boa Vista;4169;4073;7080;430;67;665;;;3723;4519;745
Sant'Ana do Livramento;39376;43088;65371;6492;174;10347;78;2;74410;8054;7184
Santa Rosa;33483;35104;58724;978;181;8670;34;;60366;8221;7661
Santa Tereza;889;831;1656;30;1;29;4;;627;1093;156
Santa Vitória do Palmar;15469;15521;25296;2633;133;2874;54;;26890;4100;2840
Santiago;23571;25500;42089;925;133;5883;41;;44735;4336;4830
Santo Ângelo;36586;39689;62655;1362;500;11705;53;;71804;4471;7748
Santo Antônio do Palma;1112;1027;1966;24;5;143;1;;681;1458;220
Santo Antônio da Patrulha;19756;19929;35559;2237;44;1827;18;;28114;11571;4305
Santo Antônio das Missões;5579;5631;8086;536;52;2522;14;;6788;4422;926
Santo Antônio do Planalto;980;1007;1806;15;8;158;;;1233;754;200
Santo Augusto;6811;7157;11351;222;58;2331;6;;11380;2588;1347
Santo Cristo;7190;7188;13264;166;7;940;1;;7781;6597;1434
Santo Expedito do Sul;1239;1222;2304;38;18;101;;;872;1589;218
São Borja;30248;31423;49882;2041;142;9572;34;;55138;6533;5973
São Domingos do Sul;1470;1456;2702;70;5;149;;;1748;1178;288
São Francisco de Assis;9493;9761;16900;490;16;1829;11;8;13495;5759;1759
São Francisco de Paula;10402;10135;15732;1130;344;3263;68;;13004;7533;2116
São Gabriel;29429;30996;48141;3928;188;8078;90;;53775;6650;6068
São Jerônimo;11026;11108;18724;1222;154;2017;17;;17055;5079;2418
São João da Urtiga;2401;2325;4353;65;7;301;;;2291;2435;441
São João do Polêsine;1272;1363;2107;211;1;316;;;1354;1281;233
São Jorge;1379;1395;2588;90;;96;;;1451;1323;270
São José das Missões;1377;1343;1752;23;15;929;1;;828;1892;240
São José do Herval;1136;1068;1622;67;14;501;;;867;1337;196
São José do Hortêncio;2088;2006;4000;15;3;76;;;2645;1449;492
São José do Inhacorá;1125;1075;2082;13;3;102;;;832;1368;194
São José do Norte;13003;12500;19421;2036;79;3956;11;;17383;8120;2765
São José do Ouro;3382;3522;5854;119;36;879;16;;4423;2481;693
São José do Sul;1052;1030;2034;8;;37;3;;720;1362;237
São José dos Ausentes;1693;1597;2420;182;38;650;;;2062;1228;368
São Leopoldo;104242;109845;183896;10033;563;19303;292;;213238;849;24633
São Lourenço do Sul;21623;21488;38380;2874;122;1727;8;;24237;18874;4341
São Luiz Gonzaga;16827;17729;27691;686;248;5909;22;;30508;4048;3264
São Marcos;9859;10244;17765;406;97;1825;10;;17598;2505;2259
São Martinho;2838;2935;5075;125;78;476;19;;3441;2332;511
São Martinho da Serra;1647;1554;3050;46;1;104;;;942;2259;307
São Miguel das Missões;3880;3541;5491;121;19;1628;162;;3727;3694;750
São Nicolau;2906;2821;4180;78;8;1430;31;;3692;2035;498
São Paulo das Missões;3228;3136;5314;187;23;839;1;;2199;4165;543
São Pedro da Serra;1683;1632;3190;59;3;63;;;1429;1886;414
São Pedro das Missões;932;954;1346;60;11;469;;;532;1354;203
São Pedro do Butiá;1456;1417;2591;69;3;210;;;1209;1664;298
São Pedro do Sul;8050;8318;14136;343;46;1834;9;;11929;4439;1557
São Sebastião do Caí;10738;11194;19336;699;28;1848;21;;17608;4324;2651
São Sepé;11777;12021;19076;2636;104;1941;41;;18821;4977;2252
São Valentim;1811;1821;3101;102;8;420;1;;1744;1888;302
São Valentim do Sul;1112;1056;2003;62;1;102;;;746;1422;215
São Valério do Sul;1375;1272;1408;48;8;139;1044;;510;2137;257
São Vendelino;994;950;1838;9;9;88;;;1353;591;253
São Vicente do Sul;4206;4234;6480;232;10;1717;1;;5881;2559;873
Sapiranga;36989;37996;63613;1532;449;9357;34;;72286;2699;8680
Sapucaia do Sul;63747;67210;113378;6729;300;10423;127;;130469;488;14519
Sarandi;10269;11016;16880;451;93;3830;31;;17940;3345;2545
Seberi;5349;5548;8916;183;28;1767;3;;5923;4974;1024
Sede Nova;1531;1480;2353;82;16;559;1;;1581;1430;287
Segredo;3698;3460;5079;156;86;1836;1;;1807;5351;761
Selbach;2403;2526;4169;91;19;643;7;;3450;1479;505
Senador Salgado Filho;1407;1407;2538;72;9;195;;;880;1934;277
Sentinela do Sul;2666;2532;4307;304;25;560;2;;1282;3916;559
Serafina Corrêa;7099;7154;12750;407;54;1040;2;;12054;2199;1837
Sério;1190;1091;2181;19;4;77;;;530;1751;195
Sertão;3045;3249;5049;341;63;836;5;;3387;2907;522
Sertão Santana;2934;2916;5170;229;85;366;;;1278;4572;652
Sete de Setembro;1082;1042;1823;6;4;291;;;494;1630;188
Severiano de Almeida;1942;1900;3636;31;8;161;6;;1399;2443;350
Silveira Martins;1227;1222;2075;101;17;256;;;1091;1358;212
Sinimbu;5217;4851;8478;105;129;1352;4;;1437;8631;1019
Sobradinho;6992;7291;11159;507;125;2485;7;;11347;2936;1543
Soledade;14729;15315;24440;784;209;4581;30;;24032;6012;3083
Tabaí;2102;2029;3804;84;13;221;9;;1246;2885;468
Tapejara;9392;9858;16266;362;63;2539;20;;17080;2170;2694
Tapera;5093;5355;9246;184;12;1006;;;8820;1628;1039
Tapes;8167;8462;13050;1649;36;1874;20;;14478;2151;1671
Taquara;26866;27777;47218;2326;159;4902;38;;45266;9377;5774
Taquari;12689;13403;24348;952;47;729;16;;21875;4217;2637
Taquaruçu do Sul;1517;1449;2222;130;4;594;16;;1164;1802;298
Tavares;2777;2574;4345;348;11;644;3;;3299;2052;521
Tenente Portela;6713;7006;9885;193;20;1624;1997;;8847;4872;1266
Terra de Areia;4959;4919;9007;320;9;537;5;;5195;4683;1136
Teutônia;13523;13749;25056;686;35;1477;18;;23322;3950;3557
Tio Hugo;1372;1352;2152;15;16;539;2;;1164;1560;317
Tiradentes do Sul;3268;3193;5661;129;39;632;;;2098;4363;501
Toropi;1561;1391;2657;56;20;219;;;611;2341;270
Torres;16835;17821;31508;945;52;2009;142;;33340;1316;3901
Tramandaí;20095;21490;36855;1405;67;3128;130;;40577;1008;5043
Travesseiro;1171;1143;2230;11;2;70;1;;887;1427;218
Três Arroios;1428;1427;2831;4;1;19;;;1027;1828;251
Três Cachoeiras;5156;5061;9769;96;26;314;12;;7501;2716;1138
Três Coroas;11837;12011;20149;803;103;2777;16;;20546;3302;3001
Três de Maio;11484;12242;20612;225;91;2793;5;;18962;4764;2371
Três Forquilhas;1512;1402;2566;228;11;106;3;;385;2529;268
Três Palmeiras;2210;2171;2943;206;34;807;391;;2090;2291;399
Três Passos;11751;12214;21359;353;53;2184;16;;19054;4911;2376
Trindade do Sul;2884;2903;4234;279;67;1201;6;;2899;2888;563
Triunfo;12933;12860;22568;1129;66;1993;37;;16857;8936;3000
Tucunduva;2817;3081;5062;196;36;602;2;;4035;1863;536
Tunas;2278;2117;3524;65;27;761;18;;1375;3020;476
Tupanci do Sul;816;757;1355;57;53;108;;;473;1100;149
Tupanciretã;10864;11417;17826;893;133;3420;9;;18020;4261;2376
Tupandi;2068;1856;3797;31;1;94;1;;2721;1203;533
Tuparendi;4146;4411;7848;24;7;678;;;5294;3263;742
Turuçu;1778;1744;3149;133;13;227;;;1487;2035;330
Ubiretama;1183;1113;2175;15;1;105;;;500;1796;211
União da Serra;797;690;1437;12;7;31;;;280;1207;93
Unistalda;1245;1205;2040;26;4;380;;;913;1537;224
Uruguaiana;61009;64426;94279;5576;416;25033;131;;117415;8020;12441
Vacaria;30083;31259;45755;2494;692;12325;76;;57339;4003;6535
Vale Verde;1652;1601;2918;140;26;168;1;;882;2371;340
Vale do Sol;5597;5480;9470;414;257;936;;;1249;9828;1227
Vale Real;2570;2548;4653;61;19;376;9;;4566;552;638
Vanini;993;991;1762;54;;168;;;1001;983;222
Venâncio Aires;32643;33303;58682;3207;208;3799;50;;41400;24546;7496
Vera Cruz;11749;12234;20286;1576;226;1875;20;;13320;10663;2791
Veranópolis;11102;11708;20301;427;50;2025;7;;19843;2967;2760
Vespasiano Correa;1024;950;1887;18;;69;;;406;1568;159
Viadutos;2620;2691;4783;21;6;501;;;2643;2668;452
Viamão;116483;122901;179284;28059;761;30215;1065;;224943;14441;25796
Vicente Dutra;2701;2584;4271;36;23;866;89;;2351;2934;442
Victor Graeff;1512;1524;2777;8;7;241;3;;1284;1752;272
Vila Flores;1617;1590;2850;42;5;309;1;;1348;1859;346
Vila Lângaro;1123;1029;1892;72;4;183;1;;366;1786;209
Vila Maria;2116;2105;3967;81;7;166;;;2249;1972;444
Vila Nova do Sul;2102;2119;3432;337;6;446;;;2194;2027;416
Vista Alegre;1400;1432;2408;83;21;313;7;;1185;1647;262
Vista Alegre do Prata;819;750;1449;12;4;104;;;463;1106;153
Vista Gaúcha;1395;1364;2507;59;14;177;2;;965;1794;297
Vitória das Missões;1794;1691;2768;162;37;517;1;;669;2816;284
Westfália;1406;1387;2696;34;1;62;;;1130;1663;316
Xangri-lá;6199;6235;11006;605;41;760;22;;12379;55;1666